rank,similarity,url,indexed,published,search_indexed,title_snippet,content_snippet,title,content
1,0.63545716,https://hiplatina.com/lisa-lopez-galvan-kansas-city-shooting/,02/16/24 16:36,02/16/24 13:24,02/16/24 16:37,Latina DJ & Mother of Two Killed in Kansas City Shooting,"The sole victim has since been identified as Lisa Lopez-Galvan, a mother of two and a radio DJ from the local station KKFI ... let our community know that KKFI DJ Lisa Lopez-Galvan, host of Taste of Tejano lost her life today in the shooting at the KC...",Latina DJ & Mother of Two Killed in Kansas City Shooting,"Despite promises of political reform in the wake of shooting massacres, gun violence remains one of the most prominent issues facing the U.S. today. Just in this year alone, there have been 50 mass shooting incidents since January 1 – that’s more tha..."
2,0.6262486,http://www.reddit.com/r/kansascity/comments/1as7zkq/taylor_swift_donates_100k_to_lisa_lopezgalvans/kqt013s,02/17/24 01:51,02/17/24 01:49,02/17/24 01:51,Taylor Swift Donates $100k to Lisa Lopez-Galvan’s family,Which proposed gun control would have helped this situation?,Taylor Swift Donates $100k to Lisa Lopez-Galvan’s family,Which proposed gun control would have helped this situation?
3,0.6109749,http://www.reddit.com/r/KansasCityChiefs/comments/1arb0kr/who_was_lisa_lopez_galvan_kansas_city_chiefs/kqiuqce,02/15/24 07:13,02/15/24 07:12,02/15/24 07:13,"Who Was Lisa Lopez Galvan? Kansas City Chiefs Superfan And Mom Of 2, Killed In...","At this point it's impossible to ban or confiscate all guns, and if we refuse to make people take classes, or get a license, or an psych evaluation, then we need to do something else. I'm not saying we should refuse to do those things but it seems...","Who Was Lisa Lopez Galvan? Kansas City Chiefs Superfan And Mom Of 2, Killed In Super Bowl Parade Shooting: 'Most Wonderful, Beautiful Person'","At this point it's impossible to ban or confiscate all guns, and if we refuse to make people take classes, or get a license, or an psych evaluation, then we need to do something else. I'm not saying we should refuse to do those things but it seems like that's where we're at. I'm always harsh af, cause stories like this hurt my soul. I've always believed if someone shoots into a crowd of people, be it a gathering like this, a school, or bar area on weekends, the bare minimum should be immediate death penalty. Make an example of these sick fuckers. Don't let thin live life while this mother was ripped away from her kids. If they don't value human life that much, then we shouldn't value theirs at all and let them live their life out on tax payer dollars in prison."
4,0.5929068,http://www.reddit.com/r/KansasCityChiefs/comments/1arb0kr/who_was_lisa_lopez_galvan_kansas_city_chiefs/kqj8ybn,02/15/24 09:07,02/15/24 09:06,02/15/24 09:08,"Who Was Lisa Lopez Galvan? Kansas City Chiefs Superfan And Mom Of 2, Killed In...",Harsher penalties and laws don't prevent crimes committed with guns either so what exactly is your point. Last time I checked it was illegal to pull out a gun and fire into a crowd even for law enforcement. Stop blaming guns and blame the criminals...,"Who Was Lisa Lopez Galvan? Kansas City Chiefs Superfan And Mom Of 2, Killed In Super Bowl Parade Shooting: 'Most Wonderful, Beautiful Person'",Harsher penalties and laws don't prevent crimes committed with guns either so what exactly is your point. Last time I checked it was illegal to pull out a gun and fire into a crowd even for law enforcement. Stop blaming guns and blame the criminals who committed the act of violence.
5,0.5912273,http://www.reddit.com/r/kansascity/comments/1as7zkq/taylor_swift_donates_100k_to_lisa_lopezgalvans/kqqih33,02/16/24 15:16,02/16/24 15:14,02/16/24 15:16,Taylor Swift Donates $100k to Lisa Lopez-Galvan’s family,"Furthermore, it seems like it would be advantageous for all involved. like, monetary contribution would obviously help the victims. further, it would benefit the NRA by improving public perception. a lot of times, individuals who have been a victim...",Taylor Swift Donates $100k to Lisa Lopez-Galvan’s family,"Furthermore, it seems like it would be advantageous for all involved. like, monetary contribution would obviously help the victims. further, it would benefit the NRA by improving public perception. a lot of times, individuals who have been a victim of a shooting like this become a powerful force for the pro-gun laws movement. and for people who are already a part of that movement, it may brighten their view of the organization"
6,0.5794991,https://www.arkansasonline.com/news/2024/feb/23/a-primary-problem/,02/23/24 04:26,02/23/24 04:17,02/23/24 04:27,A primary problem,"But it was also tragic in a broader sense, because last Wednesday was just business as usual in metro Kansas City for gun crime.

Besides Lisa Lopez-Galvan, the fatality at the parade, seven other people--three of them 22 or younger--were shot and...",A primary problem,"The mass shooting in Kansas City, Mo., last Wednesday during a Super Bowl victory rally for the hometown Chiefs gives great insight into a primary problem regarding gun crime in America. It's not too many guns. It's not assault weapons. It's not unr..."
7,0.56478536,http://www.reddit.com/r/nfl/comments/1avy08a/lisa_lopezgalvans_family_hoped_to_lay_her_to_rest/kre60bl,02/20/24 21:46,02/20/24 21:44,02/20/24 21:47,Lisa Lopez-Galvan's family hoped to lay her to rest in Harrison Butker...,"Not at all, at least in her case, but to learn what we have seen today where once of those arrested had recently been on parole for a shooting at a community center, some positive change has to come, at least I hope so, maybe I am looking for the...","Lisa Lopez-Galvan's family hoped to lay her to rest in Harrison Butker jersey, Chiefs kicker delivered","Not at all, at least in her case, but to learn what we have seen today where once of those arrested had recently been on parole for a shooting at a community center, some positive change has to come, at least I hope so, maybe I am looking for the good here. Though some Missouri lawmakers have gone on record saying the state protects guns more than people , which is kind of disheartening to say the least."
8,0.55330276,http://www.reddit.com/r/KansasCityChiefs/comments/1arb0kr/who_was_lisa_lopez_galvan_kansas_city_chiefs/kqjvhis,02/15/24 11:26,02/15/24 11:25,02/15/24 11:27,"Who Was Lisa Lopez Galvan? Kansas City Chiefs Superfan And Mom Of 2, Killed In...","Guns make mass killing infinitely easier. No regulations on firearms in public make it even easier. If they're out there fighting with knives, bystanders are in much less danger of strays catching them. All you're saying is that we should do nothing...","Who Was Lisa Lopez Galvan? Kansas City Chiefs Superfan And Mom Of 2, Killed In Super Bowl Parade Shooting: 'Most Wonderful, Beautiful Person'","Guns make mass killing infinitely easier. No regulations on firearms in public make it even easier. If they're out there fighting with knives, bystanders are in much less danger of strays catching them. All you're saying is that we should do nothing because people will find a way to hurt each other. Which is a dumb reason. That's like saying we shouldn't regulate cars because people are going to get into accidents. Just stupid."
9,0.5506201,http://www.youtube.com/watch?v=hLHLyQFKXMo,02/19/24 03:53,02/16/24 11:01,02/19/24 03:53,Kansas City Shooting Highlights Missouri’s Pro-Gun Laws in “Pro-Life” State,"In total, almost 5,000 people have died from gun violence this year, including Elizabeth ""Lisa"" Lopez-Galvan, a radio host and mother of two who was shot and killed Wednesday at a rally held after the Super Bowl victory parade in Kansas City...",Kansas City Shooting Highlights Missouri’s Pro-Gun Laws in “Pro-Life” State,"Support our work: In the first 46 days of 2024, there have been 49 mass shootings in the United States — nearly one per day. In total, almost 5,000 people have died from gun violence this year, including Elizabeth ""Lisa"" Lopez-Galvan, a radio host and mother of two who was shot and killed Wednesday at a rally held after the Super Bowl victory parade in Kansas City, Missouri. Twenty-two others were wounded, many of them children, when the shooting broke out near the end of the rally. Missouri has some of the weakest gun control laws in the country, with no universal background checks, no assault weapon restrictions, no ban on large-capacity magazines, no waiting periods to purchase a gun and no domestic violence gun laws. ""This, unfortunately, is not surprising,"" says Missouri-born activist and host of the Undistracted podcast, Brittany Packnett Cunningham. Last year, Kansas City set a new high for gun violence, and the city has one of the country's highest murder rates. Packnett Cunningham traces this violence to the influence of the powerful gun lobby, and calls on lawmakers to refuse funding from pro-gun groups like the NRA. Democracy Now! is an independent global news hour that airs on over 1,500 TV and radio stations Monday through Friday. Watch our livestream at democracynow.org Mondays to Fridays 8-9 a.m. ET. Subscribe to our Daily Email Digest:"
10,0.54587644,http://www.reddit.com/r/nfl/comments/1asggha/chiefs_in_partnership_with_unitedwaygkc_weve/kqr3l3m,02/16/24 17:18,02/16/24 17:16,02/16/24 17:18,"...@UnitedWayGKC , we’ve launched #KCStrong, an emergency response fund supporting victims and their...",Why on earth would anyone do that? These guns were already illegal. Banning guns would have had no effect on this situation. It's like putting a tourniquet on the wrong arm.,"[Chiefs] In partnership with @UnitedWayGKC , we’ve launched #KCStrong, an emergency response fund supporting victims and their families, violence prevention and mental health services, and first responders. The Chiefs, Hunt Family Foundation and NFL are supporting this cause with a $200,000 donation",Why on earth would anyone do that? These guns were already illegal. Banning guns would have had no effect on this situation. It's like putting a tourniquet on the wrong arm.
11,0.54449224,http://www.reddit.com/r/KansasCityChiefs/comments/1arb0kr/who_was_lisa_lopez_galvan_kansas_city_chiefs/kqj6sr1,02/15/24 08:52,02/15/24 08:50,02/15/24 08:53,"Who Was Lisa Lopez Galvan? Kansas City Chiefs Superfan And Mom Of 2, Killed In...",this has nothing to do with gun laws. very likely the guns or some guns used in this were ghost guns or at least modified illegally. gun laws dont stop gangs or gang culture,"Who Was Lisa Lopez Galvan? Kansas City Chiefs Superfan And Mom Of 2, Killed In Super Bowl Parade Shooting: 'Most Wonderful, Beautiful Person'",this has nothing to do with gun laws. very likely the guns or some guns used in this were ghost guns or at least modified illegally. gun laws dont stop gangs or gang culture
12,0.5401855,http://www.reddit.com/r/kansascity/comments/1as7zkq/taylor_swift_donates_100k_to_lisa_lopezgalvans/kqoody3,02/16/24 08:50,02/16/24 08:48,02/16/24 08:50,Taylor Swift Donates $100k to Lisa Lopez-Galvan’s family,"""They should have donated that money to the guns, not the victims!""",Taylor Swift Donates $100k to Lisa Lopez-Galvan’s family,"""They should have donated that money to the guns, not the victims!"""
13,0.53103167,https://sports.yahoo.com/chiefs-super-bowl-rally-shooting-010841959.html,02/20/24 21:09,02/20/24 20:08,02/20/24 21:09,"Chiefs Super Bowl rally shooting started because someone was ""looking at"" someone else","...form of testosterone-driving peacocking.

""Four males approached Lyndell Mays and one of the males asked Lyndell Mays what he was looking at, because they didn’t know him,"" the paperwork contends.

""They began arguing about why they were staring at...","Chiefs Super Bowl rally shooting started because someone was ""looking at"" someone else","The shooting that claimed a life and injured more than 20 others last Wednesday in Kansas City started for the most ridiculous reason possible. Someone was looking at someone else. Via NBCNews.com, court documents show that the shooting stemmed fro..."
14,0.53032064,http://www.reddit.com/r/nfl/comments/1avy08a/lisa_lopezgalvans_family_hoped_to_lay_her_to_rest/kre784z,02/20/24 21:54,02/20/24 21:52,02/20/24 21:55,Lisa Lopez-Galvan's family hoped to lay her to rest in Harrison Butker...,"I agree, maybe I just my hope speaking, in all honest the moment the shooting happened at Sandy Hook and nothing happened after so much death including all those children I thought the cause was lost, even though I still believe maybe one day there...","Lisa Lopez-Galvan's family hoped to lay her to rest in Harrison Butker jersey, Chiefs kicker delivered","I agree, maybe I just my hope speaking, in all honest the moment the shooting happened at Sandy Hook and nothing happened after so much death including all those children I thought the cause was lost, even though I still believe maybe one day there will be change, but who knows, at least not now, where the second amendment rules all. Living in Canada bearing arms is viewed as a privilege now a right."
15,0.52632266,https://freeread.causeaction.com/2024/02/22/three-shootings-in-ten-days-that-derail-all-the-media-narratives-on-gun-incidents/,02/22/24 19:20,02/22/24 14:15,02/22/24 19:20,Three Shootings in Ten Days That Derail All the Media Narratives on Gun,"...narrative. The Kansas City Star waffled on producing the mugshot of one culprit, Lyndell Mays, because, as an Editor’s Note explained, they reserve running mugshots for those big important acts of violence.

“We took the time to carefully consider...",Three Shootings in Ten Days That Derail All the Media Narratives on Gun,"Most of us are familiar with the media narratives when it comes to reporting on mass shootings. The familiar beats of coverage are so rote as to basically qualify as tropes. Conversely, we see by now that whenever there is a deviation from the expec..."
16,0.523927,http://www.reddit.com/r/KansasCityChiefs/comments/1axao5i/alleged_shooter_at_kansas_city_chiefs_super_bowl/krmtwee,02/22/24 12:27,02/22/24 12:26,02/22/24 12:28,Alleged shooter at Kansas City Chiefs Super Bowl celebration told police he was ‘just being stupid’...,Because the gun recovered at the scene that killed Lisa Lopez Galvan was stolen. Dude didn't want into Bass Pro and buy a gun. A law won't stop POS like this from going this route. Yes make laws tighter and put more...,Alleged shooter at Kansas City Chiefs Super Bowl celebration told police he was ‘just being stupid’: affidavit,"Because the gun recovered at the scene that killed Lisa Lopez Galvan was stolen. Dude didn't want into Bass Pro and buy a gun. A law won't stop POS like this from going this route. Yes make laws tighter and put more oversight. But KC like every other major city wlth a crime problem is facing rampant underemployment, education, Healthcare access, ability to create wealth, etc. Cities are focusing on giving billionaires tax dollars for stadiums and corporations tax breaks with ZERO guarantees the community will benefit. And when you have lived in generational poverty and systematic issues generally the only chance for survival is violence and crime. That is not an excuse or a reason to let people off. It is a reason to change the focus of how we Truly fix our problems. And it isn't **JUST** gun laws and more law enforcement and punishment, etc. It must also include systematic focus on fixing root, foundational problems in our communities."
17,0.5219495,http://www.reddit.com/r/masskillers/comments/1avw7gu/charging_documents_against_lyndell_mays_related/krdagwo,02/20/24 18:26,02/20/24 18:25,02/20/24 18:26,Charging Documents Against Lyndell Mays related to the Kansas City Super Bowl parade,"A ton of mental and physical trauma that day, likely to hundreds, maybe even thousands, of people. Over some stares. I can’t even think of words to describe the devastation of gun violence. Or any violence. There’s no sense of community in the US.",Charging Documents Against Lyndell Mays related to the Kansas City Super Bowl parade,"A ton of mental and physical trauma that day, likely to hundreds, maybe even thousands, of people. Over some stares. I can’t even think of words to describe the devastation of gun violence. Or any violence. There’s no sense of community in the US."
18,0.5169029,http://www.reddit.com/r/KansasCityChiefs/comments/1arb0kr/who_was_lisa_lopez_galvan_kansas_city_chiefs/kqjvw3i,02/15/24 11:29,02/15/24 11:28,02/15/24 11:30,"Who Was Lisa Lopez Galvan? Kansas City Chiefs Superfan And Mom Of 2, Killed In...","im not saying we should do nothing. im saying gun control isnt the solution. how is that peoples only solution to a problem that stems from mental health and broken families? this country has always had a lot of guns, we haven't ALWAYS had a lot of...","Who Was Lisa Lopez Galvan? Kansas City Chiefs Superfan And Mom Of 2, Killed In Super Bowl Parade Shooting: 'Most Wonderful, Beautiful Person'","im not saying we should do nothing. im saying gun control isnt the solution. how is that peoples only solution to a problem that stems from mental health and broken families? this country has always had a lot of guns, we haven't ALWAYS had a lot of mass shootings."
19,0.5163079,http://www.reddit.com/r/news/comments/1arf72y/woman_shot_dead_at_kansas_city_chiefs_super_bowl/kqjgobb,02/15/24 09:58,02/15/24 09:57,02/15/24 09:59,Woman shot dead at Kansas City Chiefs Super Bowl celebration was a popular radio DJ,"It’s always about gun owners “rights” but what about our rights? What about the people in the hospital right now? They have rights, too. Lisa Lopez-Galvan had rights, too. She had the right to live peacefully and go to a parade without risk of...",Woman shot dead at Kansas City Chiefs Super Bowl celebration was a popular radio DJ,"It’s just always left out of the conversation. It’s always about gun owners “rights” but what about our rights? What about the people in the hospital right now? They have rights, too. Lisa Lopez-Galvan had rights, too. She had the right to live peacefully and go to a parade without risk of fatally being shot. I’m tired of pretending irresponsible people with guns are more important than the rest of us that just want to live. Even the most trained person can’t prevent accidents and I’m tired of pretending this is what “responsible gun ownership” looks like because it’s sloppy, af."
20,0.5146746,https://www.newsylist.com/tragedy-strikes-fatal-shooting-at-indianapolis-waffle-house/,02/19/24 16:52,02/19/24 16:47,02/19/24 16:53,Tragedy Strikes: Fatal Shooting at Indianapolis Waffle House,"...at⁣ a parade in Kansas City. The shooting ‍claimed the life of​ local radio DJ Lisa Lopez-Galvan. The ⁣suspects, who ‍remain unnamed due to being​ minors, are facing gun-related and resisting arrest charges.

Police ​Chief Stacey Graves expressed...",Tragedy Strikes: Fatal Shooting at Indianapolis Waffle House,"Recent Shooting Incidents in Indianapolis⁤ and Minnesota On a tragic note, a shooting incident at a Waffle ‍House in Indianapolis resulted in one fatality and five injuries. The altercation between⁢ two groups escalated into violence,⁣ leaving six p..."
21,0.5145126,https://www.archysport.com/2024/02/charges-laid-in-fatal-shooting-at-kansas-city-super-bowl-parade/,02/20/24 17:26,02/20/24 17:11,02/20/24 17:26,Charges Laid in Fatal Shooting at Kansas City Super Bowl Parade,"0:56

The 22 people injured range in age from 8 to 47, according to police chief Stacey Graves. Lisa Lopez-Galvan, a mother of two and the host of “Taste of Tejano,” was killed.

The shooting was the latest at a sports celebration in the U.S. A...",Charges Laid in Fatal Shooting at Kansas City Super Bowl Parade,New Share on Facebook Share on Twitter Share by Email Police have said dispute among several people led to gunfire Posted: 53 Minutes Ago Last Updated: 24 Minutes Ago People take cover amid a shooting at Union Station during the Kansas City Sup...
22,0.51412654,http://www.reddit.com/r/missouri/comments/1arb53j/kansas_city_radio_station_confirms_death_of_dj/kqjbqnt,02/15/24 09:27,02/15/24 09:25,02/15/24 09:27,Kansas City radio station confirms death of DJ Lisa Lopez-Galvan at Chiefs' Super Bowl parade,Guns have more rights than people in this twisted country.,Kansas City radio station confirms death of DJ Lisa Lopez-Galvan at Chiefs' Super Bowl parade,Guns have more rights than people in this twisted country.
23,0.51341796,https://nybreaking.com/kansas-city-chiefs-parade-rampage-that-left-one-dead-and-21-wounded-is-the-49th-mass-shooting-this-year-that-has-already-seen-81-people-killed-in-us-by-gun-violence-act/,02/15/24 00:40,02/15/24 00:17,02/15/24 00:40,Kansas City Chiefs Parade Rampage That Left One Dead And 21 Wounded Is The 49th Mass Shooting This...,"...victory over the San Francisco 49ers.

Lisa Lopez-Galvan, a mother of two and disc jockey for a community radio station, was... ”

The attack in Kansas City claimed the life of Lisa Lopez-Galvan, a mother of two and disc jockey for a community radio...",Kansas City Chiefs Parade Rampage That Left One Dead And 21 Wounded Is The 49th Mass Shooting This Year That Has Already Seen 81 People Killed In Us By Gun Violence Act,"The US is on track for another year of bloody gun violence, with more than 80 people killed in mass shootings so far this year. New data from the Gun Violence Archive shows that 81 people were killed in mass shootings in less than two months in 2024..."
24,0.5118734,https://www.sportsnet.ca/nfl/article/two-juveniles-charged-in-mass-shooting-at-chiefs-super-bowl-parade/,02/16/24 13:25,02/16/24 08:22,02/16/24 13:25,Two juveniles charged in mass shooting at Chiefs Super Bowl parade,"...calm him down.”

The slain woman was identified by radio station KKFI-FM as Lisa Lopez-Galvan, host of “Taste of Tejano.”

Lopez-Galvan, whose DJ name was “Lisa G,” was an extrovert and devoted mother from a prominent Latino family in the area...",Two juveniles charged in mass shooting at Chiefs Super Bowl parade,"Editor’s Note: The following story contains details about gun violence, and may be distressing for some readers. KANSAS CITY, Mo. (AP) — Two juveniles have been charged with crimes connected to the shooting at the Kansas City Chiefs’ Super Bowl rall..."
25,0.5104976,https://whatsnew2day.com/the-kansas-city-chiefs-parade-rampage-that-left-one-dead-and-21-injured-is-the-49th-mass-shooting-this-year-that-has-already-left-81-people-dead-in-the-us-due-to-the-gun-violence-law/,02/15/24 00:25,02/14/24 22:38,02/15/24 00:25,The Kansas City Chiefs parade rampage that left one dead and 21 injured is the 49th mass shooting...,"...over the 49ers. from San Francisco.

Lisa López-Galván, a mother of two and disc jockey for a community radio station, died... ”

The Kansas City attack claimed the life of Lisa López-Galván, a mother of two and disc jockey for a community radio...",The Kansas City Chiefs parade rampage that left one dead and 21 injured is the 49th mass shooting this year that has already left 81 people dead in the US due to the gun violence law.,"The United States is headed for another year of bloody gun violence; So far this year, more than 80 people have died in mass shootings. New data from the Gun Violence Archive shows that 81 people have died in mass shootings in less than two months o..."
26,0.5052087,https://ca.news.yahoo.com/caused-mass-shooting-kc-super-232428309.html,02/21/24 18:30,02/21/24 18:24,02/21/24 18:30,"What caused mass shooting at KC Super Bowl rally? Staring, fighting and ‘being stupid’","...believe sparked the shooting that killed  Lisa Lopez-Galvan, a Johnson County mother of two and beloved disc jockey in ... murder charges have been filed against Lyndell Mays, 23, of Raytown and Dominic M. Miller, 18, of Kansas City, bring the...","What caused mass shooting at KC Super Bowl rally? Staring, fighting and ‘being stupid’","A woman died and 24 other people were injured by gunfire after two groups of armed males arguing about “why they were staring at each other” led to the mass shooting at Kansas City Chiefs Super Bowl victory rally a week ago, according to court docume..."
27,0.50144196,https://english.alarabiya.net/News/world/2024/02/16/Kansas-City-police-link-Super-Bowl-rally-shooting-to-dispute-not-extremism,02/15/24 23:23,02/15/24 22:59,02/15/24 23:23,"Kansas City police link Super Bowl rally shooting to dispute, not extremism","

In Thursday’s briefing, police raised the tally of known gunshot victims to 23, and said their ages ranged from 8 to 47. Lisa Lopez-Galvan, a popular local radio personality, was the lone fatality.

“We have all intentions of presenting charges,”...","Kansas City police link Super Bowl rally shooting to dispute, not extremism","A quarrel among several people sparked the shooting spree in Kansas City, Missouri, that killed a woman and wounded 22 people after a celebration of the city’s NFL Super Bowl victory, police said on Thursday, ruling out any apparent link to extremism..."
28,0.50020075,https://www.uniquenewsonline.com/kansas-city-chiefs-parade-shooting-latest-updates/,02/15/24 07:12,02/15/24 07:02,02/15/24 07:12,Kansas City Chiefs Parade Shooting: Latest Updates,"

The authorities have confirmed that one person has lost their life in the shooting. The victim has been identified as a local Radio Jockey Lisa Lopez-Galvan, a mother of two, who died in surgery after being shot, as per information provided by her...",Kansas City Chiefs Parade Shooting: Latest Updates,"There has been another instance of a mass shooting in the U.S. According to reports, one person was killed and more than 21 people were injured in the shooting. The injured also included eight children, and many are in critical condition. It was a d..."
29,0.49988163,https://www.wqad.com/article/news/national/kansas-city-mass-shooting-missouri-gun-laws/63-71f8f186-42e7-4108-b9d7-fa65d42c505e,02/16/24 07:31,02/15/24 13:43,02/16/24 07:31,"After Kansas City mass shooting, Missouri Democrats demand stricter gun laws","”

When the shooting stopped,  one person was dead and 22 others wounded, including nine children. Lisa Lopez-Galvan, a Johnson County, Kansas, mother of two and a Kansas City radio personality, died of her wounds, the Kansas City Star...","After Kansas City mass shooting, Missouri Democrats demand stricter gun laws","NationalAfter Kansas City mass shooting, Missouri Democrats demand stricter gun laws Many Republican and Democratic lawmakers attended the Super Bowl victory celebration and sought safety when gunfire erupted. Rudi Keller (The Missouri Independent)..."
30,0.49921,https://balloon-juice.com/2024/02/16/cold-grey-pre-dawn-open-thread-sow-the-wind-reap-the-whirlwind/#comment-9107122,02/16/24 08:11,02/16/24 08:10,02/16/24 08:11,,"...at Kansas City Chiefs Super Bowl celebration was a popular radio DJ</a> <em>Lisa Lopez-Galvan co-hosted a weekly radio show on local station KKFI 90.1 called ""A Taste of Tejano,"" played local weddings and promoted charity fundraisers</em>. [She...",,"Before we leave this thread: There was a wonderful woman who died for attending a sports team's victory celebration. Don't want to just focus on the shooters and their ""adult"" enablers. NBC has this post up under their ""Guns in America"" tag. <a href=..."
